index,datetime,symbol,open,high,low,close,volume,ma,ema,sellclose,buyclose,sell,buy
0,2023-02-22 13:24:00,NSE:RELIANCE,2391.8,2393.85,2390.9,2392.8,16814.0,,,NaN,NaN,,
1,2023-02-22 13:27:00,NSE:RELIANCE,2392.4,2393.8,2388.0,2388.45,35884.0,,,NaN,NaN,NaN,NaN
2,2023-02-22 13:30:00,NSE:RELIANCE,2388.05,2390.9,2385.0,2386.6,49128.0,,,NaN,NaN,NaN,NaN
3,2023-02-22 13:33:00,NSE:RELIANCE,2385.9,2388.5,2385.15,2388.5,30544.0,,,NaN,NaN,NaN,NaN
4,2023-02-22 13:36:00,NSE:RELIANCE,2387.6,2389.85,2387.5,2389.4,25285.0,,2389.15,NaN,NaN,NaN,NaN
5,2023-02-22 13:39:00,NSE:RELIANCE,2388.65,2389.55,2386.5,2388.0,20330.0,,2388.766666666667,NaN,2388.0,NaN,NaN
6,2023-02-22 13:42:00,NSE:RELIANCE,2388.35,2389.85,2386.9,2389.3,25922.0,,2388.944444444445,2389.3,NaN,2388.0,NaN
7,2023-02-22 13:45:00,NSE:RELIANCE,2388.9,2391.0,2386.6,2386.6,28724.0,,2388.1629629629633,NaN,2386.6,NaN,2389.3
8,2023-02-22 13:48:00,NSE:RELIANCE,2386.55,2386.65,2384.6,2384.7,38283.0,,2387.008641975309,NaN,NaN,2386.6,NaN
9,2023-02-22 13:51:00,NSE:RELIANCE,2384.65,2385.75,2382.3,2384.7,35148.0,,2386.239094650206,NaN,NaN,NaN,NaN
10,2023-02-22 13:54:00,NSE:RELIANCE,2383.95,2385.6,2383.0,2384.3,20817.0,,2385.592729766804,NaN,NaN,NaN,NaN
11,2023-02-22 13:57:00,NSE:RELIANCE,2383.6,2385.35,2383.6,2385.15,26709.0,,2385.4451531778695,NaN,NaN,NaN,NaN
12,2023-02-22 14:00:00,NSE:RELIANCE,2385.3,2385.35,2383.6,2384.1,20449.0,,2384.9967687852463,NaN,NaN,NaN,NaN
13,2023-02-22 14:03:00,NSE:RELIANCE,2384.0,2386.5,2383.2,2385.9,24203.0,,2385.297845856831,2385.9,NaN,NaN,NaN
14,2023-02-22 14:06:00,NSE:RELIANCE,2386.25,2386.25,2381.1,2382.1,38087.0,,2384.231897237887,NaN,2382.1,NaN,2385.9
15,2023-02-22 14:09:00,NSE:RELIANCE,2382.0,2382.95,2380.0,2381.75,56804.0,,2383.4045981585914,NaN,NaN,2382.1,NaN
16,2023-02-22 14:12:00,NSE:RELIANCE,2381.6,2383.6,2380.75,2382.7,24834.0,,2383.1697321057277,NaN,NaN,NaN,NaN
17,2023-02-22 14:15:00,NSE:RELIANCE,2382.65,2382.8,2381.2,2381.9,34351.0,,2382.746488070485,NaN,NaN,NaN,NaN
18,2023-02-22 14:18:00,NSE:RELIANCE,2381.7,2384.5,2381.2,2383.85,23202.0,,2383.1143253803234,2383.85,NaN,NaN,NaN
19,2023-02-22 14:21:00,NSE:RELIANCE,2383.5,2385.85,2383.5,2385.4,32369.0,,2383.8762169202155,NaN,NaN,NaN,2383.85
20,2023-02-22 14:24:00,NSE:RELIANCE,2385.4,2385.6,2383.3,2383.7,21814.0,2385.7095238095235,2383.8174779468104,NaN,2383.7,NaN,NaN
21,2023-02-22 14:27:00,NSE:RELIANCE,2383.75,2384.65,2382.7,2384.45,27901.0,2385.3119047619043,2384.0283186312067,2384.45,NaN,2383.7,NaN
22,2023-02-22 14:30:00,NSE:RELIANCE,2384.6,2385.65,2383.95,2384.9,32701.0,2385.142857142857,2384.318879087471,NaN,NaN,NaN,2384.45
23,2023-02-22 14:33:00,NSE:RELIANCE,2384.75,2388.5,2384.65,2388.5,50511.0,2385.233333333333,2385.712586058314,NaN,NaN,NaN,NaN
24,2023-02-22 14:36:00,NSE:RELIANCE,2388.25,2388.9,2385.75,2387.55,27797.0,2385.1880952380952,2386.3250573722094,NaN,NaN,NaN,NaN
25,2023-02-22 14:39:00,NSE:RELIANCE,2387.0,2388.6,2385.0,2385.05,32843.0,2384.980952380952,2385.9000382481395,NaN,2385.05,NaN,NaN
26,2023-02-22 14:42:00,NSE:RELIANCE,2385.0,2385.2,2383.0,2383.4,28262.0,2384.7619047619046,2385.0666921654265,NaN,NaN,2385.05,NaN
27,2023-02-22 14:45:00,NSE:RELIANCE,2383.4,2385.4,2382.8,2385.3,31083.0,2384.5714285714284,2385.1444614436177,2385.3,NaN,NaN,NaN
28,2023-02-22 14:48:00,NSE:RELIANCE,2385.0,2388.0,2384.85,2386.45,32474.0,2384.5642857142857,2385.5796409624118,NaN,NaN,NaN,2385.3
29,2023-02-22 14:51:00,NSE:RELIANCE,2387.0,2388.0,2384.5,2384.8,32812.0,2384.569047619048,2385.319760641608,NaN,2384.8,NaN,NaN
30,2023-02-22 14:54:00,NSE:RELIANCE,2384.75,2385.75,2383.35,2383.45,33393.0,2384.509523809524,2384.696507094405,NaN,NaN,2384.8,NaN
31,2023-02-22 14:57:00,NSE:RELIANCE,2383.4,2384.75,2382.8,2383.95,27725.0,2384.4928571428572,2384.44767139627,NaN,NaN,NaN,NaN
32,2023-02-22 15:00:00,NSE:RELIANCE,2382.95,2384.4,2381.1,2381.1,66170.0,2384.2999999999997,2383.3317809308464,NaN,NaN,NaN,NaN
33,2023-02-22 15:03:00,NSE:RELIANCE,2381.15,2381.3,2379.95,2379.95,77668.0,2384.102380952381,2382.2045206205644,NaN,NaN,NaN,NaN
34,2023-02-22 15:06:00,NSE:RELIANCE,2379.95,2380.05,2376.2,2378.85,85744.0,2383.7666666666664,2381.086347080376,NaN,NaN,NaN,NaN
35,2023-02-22 15:09:00,NSE:RELIANCE,2378.85,2380.0,2377.0,2378.95,105425.0,2383.6166666666663,2380.3742313869175,NaN,NaN,NaN,NaN
36,2023-02-22 15:12:00,NSE:RELIANCE,2379.0,2379.9,2378.85,2379.65,63023.0,2383.5166666666664,2380.1328209246117,NaN,NaN,NaN,NaN
37,2023-02-22 15:15:00,NSE:RELIANCE,2379.7,2380.05,2378.0,2379.0,85720.0,2383.340476190476,2379.755213949741,NaN,NaN,NaN,NaN
38,2023-02-22 15:18:00,NSE:RELIANCE,2379.0,2379.85,2376.85,2377.2,99850.0,2383.1166666666663,2378.903475966494,NaN,NaN,NaN,NaN
39,2023-02-22 15:21:00,NSE:RELIANCE,2377.2,2378.9,2377.1,2378.0,65228.0,2382.838095238095,2378.602317310996,NaN,NaN,NaN,NaN
40,2023-02-22 15:24:00,NSE:RELIANCE,2377.9,2378.5,2376.55,2378.4,79042.0,2382.5047619047614,2378.5348782073306,NaN,NaN,NaN,NaN
41,2023-02-22 15:27:00,NSE:RELIANCE,2378.4,2378.4,2375.05,2377.0,85201.0,2382.185714285714,2378.0232521382204,NaN,NaN,NaN,NaN
42,2023-02-23 09:15:00,NSE:RELIANCE,2379.0,2379.0,2366.0,2369.65,179484.0,2381.480952380952,2375.232168092147,NaN,NaN,NaN,NaN
43,2023-02-23 09:18:00,NSE:RELIANCE,2370.0,2371.45,2363.3,2364.1,73878.0,2380.490476190476,2371.5214453947647,NaN,NaN,NaN,NaN
44,2023-02-23 09:21:00,NSE:RELIANCE,2363.7,2368.0,2361.35,2368.0,54249.0,2379.5142857142855,2370.3476302631766,NaN,NaN,NaN,NaN
45,2023-02-23 09:24:00,NSE:RELIANCE,2368.0,2372.55,2366.0,2370.75,49668.0,2378.7142857142853,2370.4817535087845,2370.75,NaN,NaN,NaN
46,2023-02-23 09:27:00,NSE:RELIANCE,2371.3,2372.0,2368.1,2368.5,28525.0,2377.92619047619,2369.8211690058565,NaN,2368.5,NaN,2370.75
47,2023-02-23 09:30:00,NSE:RELIANCE,2368.4,2368.6,2362.35,2363.45,52289.0,2376.97619047619,2367.697446003904,NaN,NaN,2368.5,NaN
48,2023-02-23 09:33:00,NSE:RELIANCE,2363.0,2368.0,2362.25,2367.45,43928.0,2376.1261904761895,2367.614964002603,NaN,NaN,NaN,NaN
49,2023-02-23 09:36:00,NSE:RELIANCE,2368.25,2369.65,2366.7,2368.1,29762.0,2375.25238095238,2367.776642668402,2368.1,NaN,NaN,NaN
50,2023-02-23 09:39:00,NSE:RELIANCE,2368.1,2371.85,2367.1,2371.85,30543.0,2374.635714285713,2369.1344284456013,NaN,NaN,NaN,2368.1
51,2023-02-23 09:42:00,NSE:RELIANCE,2371.6,2372.15,2368.05,2368.25,30558.0,2373.9119047619038,2368.839618963734,NaN,2368.25,NaN,NaN
52,2023-02-23 09:45:00,NSE:RELIANCE,2367.95,2370.3,2367.5,2369.8,35407.0,2373.2380952380945,2369.1597459758227,2369.8,NaN,2368.25,NaN
53,2023-02-23 09:48:00,NSE:RELIANCE,2370.0,2375.4,2369.55,2375.4,40539.0,2372.9666666666662,2371.2398306505484,NaN,NaN,NaN,2369.8
54,2023-02-23 09:51:00,NSE:RELIANCE,2375.0,2379.9,2374.85,2379.85,68786.0,2372.9619047619044,2374.1098871003655,NaN,NaN,NaN,NaN
55,2023-02-23 09:54:00,NSE:RELIANCE,2379.05,2384.95,2377.95,2382.05,89047.0,2373.1142857142854,2376.756591400244,NaN,NaN,NaN,NaN
56,2023-02-23 09:57:00,NSE:RELIANCE,2382.45,2383.9,2379.35,2381.5,33174.0,2373.235714285714,2378.3377276001625,NaN,NaN,NaN,NaN
57,2023-02-23 10:00:00,NSE:RELIANCE,2381.1,2384.0,2379.25,2383.25,28088.0,2373.407142857143,2379.9751517334416,NaN,NaN,NaN,NaN
58,2023-02-23 10:03:00,NSE:RELIANCE,2384.0,2385.0,2382.25,2382.25,30538.0,2373.5619047619048,2380.733434488961,NaN,NaN,NaN,NaN
59,2023-02-23 10:06:00,NSE:RELIANCE,2382.75,2383.55,2379.5,2381.9,29141.0,2373.785714285714,2381.122289659307,NaN,NaN,NaN,NaN
60,2023-02-23 10:09:00,NSE:RELIANCE,2381.9,2383.5,2380.25,2381.0,16558.0,2373.9285714285716,2381.0815264395383,NaN,2381.0,NaN,NaN
61,2023-02-23 10:12:00,NSE:RELIANCE,2381.0,2382.5,2380.4,2381.1,18786.0,2374.057142857143,2381.0876842930256,2381.1,NaN,2381.0,NaN
62,2023-02-23 10:15:00,NSE:RELIANCE,2381.0,2382.0,2379.55,2380.7,26816.0,2374.233333333333,2380.95845619535,NaN,2380.7,NaN,2381.1
63,2023-02-23 10:18:00,NSE:RELIANCE,2380.55,2381.9,2380.25,2381.05,12286.0,2374.77619047619,2380.9889707969,2381.05,NaN,2380.7,NaN
64,2023-02-23 10:21:00,NSE:RELIANCE,2380.75,2381.65,2379.25,2379.9,14049.0,2375.5285714285715,2380.6259805312666,NaN,2379.9,NaN,2381.05
65,2023-02-23 10:24:00,NSE:RELIANCE,2379.65,2383.4,2379.65,2383.25,24341.0,2376.254761904762,2381.500653687511,2383.25,NaN,2379.9,NaN
66,2023-02-23 10:27:00,NSE:RELIANCE,2383.2,2386.8,2382.75,2386.1,28095.0,2376.985714285714,2383.0337691250074,NaN,NaN,NaN,2383.25
67,2023-02-23 10:30:00,NSE:RELIANCE,2385.65,2386.85,2384.2,2386.15,24447.0,2377.8261904761903,2384.072512750005,NaN,NaN,NaN,NaN
68,2023-02-23 10:33:00,NSE:RELIANCE,2386.05,2386.05,2381.0,2381.0,18324.0,2378.6619047619047,2383.0483418333365,NaN,2381.0,NaN,NaN
69,2023-02-23 10:36:00,NSE:RELIANCE,2381.3,2382.5,2380.15,2382.0,19919.0,2379.354761904762,2382.6988945555577,NaN,NaN,2381.0,NaN
70,2023-02-23 10:39:00,NSE:RELIANCE,2382.4,2384.3,2381.0,2384.25,33431.0,2380.12380952381,2383.215929703705,2384.25,NaN,NaN,NaN
71,2023-02-23 10:42:00,NSE:RELIANCE,2383.95,2385.85,2382.6,2385.5,10883.0,2380.77380952381,2383.9772864691367,NaN,NaN,NaN,2384.25
72,2023-02-23 10:45:00,NSE:RELIANCE,2385.85,2392.9,2384.4,2389.9,51797.0,2381.8047619047625,2385.951524312758,NaN,NaN,NaN,NaN
73,2023-02-23 10:48:00,NSE:RELIANCE,2389.8,2391.9,2389.0,2391.8,35572.0,2382.8523809523813,2387.9010162085056,NaN,NaN,NaN,NaN
74,2023-02-23 10:51:00,NSE:RELIANCE,2391.4,2391.75,2385.45,2386.85,29035.0,2383.397619047619,2387.550677472337,NaN,2386.85,NaN,NaN
75,2023-02-23 10:54:00,NSE:RELIANCE,2386.8,2387.6,2383.65,2384.0,25558.0,2383.5952380952385,2386.3671183148913,NaN,NaN,2386.85,NaN
76,2023-02-23 10:57:00,NSE:RELIANCE,2384.0,2386.9,2383.35,2385.4,20013.0,2383.7547619047623,2386.044745543261,NaN,NaN,NaN,NaN
77,2023-02-23 11:00:00,NSE:RELIANCE,2385.15,2386.55,2384.1,2385.0,25545.0,2383.921428571429,2385.6964970288404,NaN,NaN,NaN,NaN
78,2023-02-23 11:03:00,NSE:RELIANCE,2385.85,2385.9,2384.7,2385.8,16743.0,2384.0428571428574,2385.730998019227,2385.8,NaN,NaN,NaN
79,2023-02-23 11:06:00,NSE:RELIANCE,2385.1,2388.8,2385.1,2388.8,11016.0,2384.3547619047627,2386.753998679485,NaN,NaN,NaN,2385.8
80,2023-02-23 11:09:00,NSE:RELIANCE,2388.6,2391.0,2388.4,2390.85,14458.0,2384.780952380953,2388.11933245299,NaN,NaN,NaN,NaN
81,2023-02-23 11:12:00,NSE:RELIANCE,2390.85,2393.5,2389.8,2392.5,31177.0,2385.3285714285716,2389.57955496866,NaN,NaN,NaN,NaN
82,2023-02-23 11:15:00,NSE:RELIANCE,2392.5,2394.4,2392.05,2394.0,19332.0,2385.9428571428575,2391.0530366457733,NaN,NaN,NaN,NaN
83,2023-02-23 11:18:00,NSE:RELIANCE,2394.0,2394.0,2391.5,2392.95,30267.0,2386.526190476191,2391.685357763849,NaN,NaN,NaN,NaN
84,2023-02-23 11:21:00,NSE:RELIANCE,2392.5,2393.55,2390.3,2390.95,12362.0,2386.997619047619,2391.4402385092326,NaN,2390.95,NaN,NaN
85,2023-02-23 11:24:00,NSE:RELIANCE,2390.45,2391.2,2388.3,2389.6,27352.0,2387.459523809524,2390.8268256728215,NaN,NaN,2390.95,NaN
86,2023-02-23 11:27:00,NSE:RELIANCE,2389.5,2393.5,2389.5,2392.2,23353.0,2387.885714285714,2391.2845504485476,2392.2,NaN,NaN,NaN
87,2023-02-23 11:30:00,NSE:RELIANCE,2392.5,2393.7,2392.0,2392.9,16387.0,2388.209523809524,2391.823033632365,NaN,NaN,NaN,2392.2
88,2023-02-23 11:33:00,NSE:RELIANCE,2392.9,2393.5,2392.0,2392.5,12025.0,2388.5119047619046,2392.0486890882435,NaN,NaN,NaN,NaN
89,2023-02-23 11:36:00,NSE:RELIANCE,2392.55,2394.45,2392.0,2393.35,14493.0,2389.1,2392.482459392162,NaN,NaN,NaN,NaN
90,2023-02-23 11:39:00,NSE:RELIANCE,2392.8,2393.35,2391.8,2392.6,15274.0,2389.6047619047617,2392.5216395947746,NaN,NaN,NaN,NaN
91,2023-02-23 11:42:00,NSE:RELIANCE,2393.0,2394.75,2392.3,2394.6,16960.0,2390.097619047619,2393.2144263965165,NaN,NaN,NaN,NaN
92,2023-02-23 11:45:00,NSE:RELIANCE,2394.6,2394.6,2392.35,2392.35,15108.0,2390.4238095238093,2392.9262842643443,NaN,2392.35,NaN,NaN
93,2023-02-23 11:48:00,NSE:RELIANCE,2392.9,2393.0,2392.0,2392.25,16199.0,2390.5357142857138,2392.7008561762295,NaN,NaN,2392.35,NaN
94,2023-02-23 11:51:00,NSE:RELIANCE,2392.25,2392.5,2391.1,2391.3,7660.0,2390.5119047619046,2392.2339041174864,NaN,NaN,NaN,NaN
95,2023-02-23 11:54:00,NSE:RELIANCE,2391.2,2391.3,2389.0,2389.65,11139.0,2390.645238095238,2391.372602744991,NaN,NaN,NaN,NaN
96,2023-02-23 11:57:00,NSE:RELIANCE,2389.7,2391.0,2387.4,2390.9,21868.0,2390.9738095238095,2391.215068496661,NaN,NaN,NaN,NaN
97,2023-02-23 12:00:00,NSE:RELIANCE,2390.9,2391.6,2390.8,2391.35,7637.0,2391.2571428571428,2391.2600456644404,2391.35,NaN,NaN,NaN
98,2023-02-23 12:03:00,NSE:RELIANCE,2391.35,2391.35,2391.0,2391.0,14430.0,2391.542857142857,2391.1733637762936,NaN,2391.0,NaN,2391.35
99,2023-02-23 12:06:00,NSE:RELIANCE,2391.05,2391.05,2387.15,2388.6,29876.0,2391.67619047619,2390.3155758508624,NaN,NaN,2391.0,NaN
100,2023-02-23 12:09:00,NSE:RELIANCE,2388.6,2388.85,2385.5,2387.1,19251.0,2391.5952380952376,2389.2437172339082,NaN,NaN,NaN,NaN
101,2023-02-23 12:12:00,NSE:RELIANCE,2387.7,2388.0,2385.0,2386.1,16839.0,2391.369047619047,2388.1958114892723,NaN,NaN,NaN,NaN
102,2023-02-23 12:15:00,NSE:RELIANCE,2386.45,2387.3,2385.1,2386.85,11827.0,2391.0999999999995,2387.747207659515,NaN,NaN,NaN,NaN
103,2023-02-23 12:18:00,NSE:RELIANCE,2386.1,2386.1,2382.4,2383.7,25469.0,2390.609523809523,2386.3981384396766,NaN,NaN,NaN,NaN
104,2023-02-23 12:21:00,NSE:RELIANCE,2384.25,2384.35,2382.3,2383.75,15440.0,2390.171428571428,2385.515425626451,NaN,NaN,NaN,NaN
105,2023-02-23 12:24:00,NSE:RELIANCE,2383.15,2383.15,2380.8,2382.0,21691.0,2389.7452380952373,2384.3436170843006,NaN,NaN,NaN,NaN
106,2023-02-23 12:27:00,NSE:RELIANCE,2382.5,2385.6,2382.5,2383.5,14595.0,2389.454761904761,2384.0624113895337,NaN,NaN,NaN,NaN
107,2023-02-23 12:30:00,NSE:RELIANCE,2384.1,2386.05,2381.65,2382.15,29606.0,2388.97619047619,2383.4249409263557,NaN,NaN,NaN,NaN
108,2023-02-23 12:33:00,NSE:RELIANCE,2381.85,2382.15,2380.95,2381.0,16541.0,2388.4095238095233,2382.616627284237,NaN,NaN,NaN,NaN
109,2023-02-23 12:36:00,NSE:RELIANCE,2380.95,2383.25,2380.95,2383.05,16924.0,2387.9595238095235,2382.761084856158,2383.05,NaN,NaN,NaN
110,2023-02-23 12:39:00,NSE:RELIANCE,2382.6,2383.4,2381.5,2381.6,12344.0,2387.3999999999996,2382.374056570772,NaN,2381.6,NaN,2383.05
111,2023-02-23 12:42:00,NSE:RELIANCE,2382.3,2382.65,2380.5,2381.15,15075.0,2386.8547619047617,2381.966037713848,NaN,NaN,2381.6,NaN
112,2023-02-23 12:45:00,NSE:RELIANCE,2381.0,2382.6,2377.0,2379.05,34869.0,2386.114285714286,2380.9940251425655,NaN,NaN,NaN,NaN
113,2023-02-23 12:48:00,NSE:RELIANCE,2378.3,2381.65,2378.3,2380.3,18614.0,2385.5404761904765,2380.762683428377,NaN,NaN,NaN,NaN
114,2023-02-23 12:51:00,NSE:RELIANCE,2379.65,2385.55,2379.65,2385.55,18228.0,2385.221428571429,2382.358455618918,2385.55,NaN,NaN,NaN
115,2023-02-23 12:54:00,NSE:RELIANCE,2385.55,2386.5,2383.25,2385.5,23399.0,2384.9452380952384,2383.4056370792787,NaN,NaN,NaN,2385.55
116,2023-02-23 12:57:00,NSE:RELIANCE,2385.0,2386.2,2384.1,2385.25,15187.0,2384.7357142857145,2384.0204247195193,NaN,NaN,NaN,NaN
117,2023-02-23 13:00:00,NSE:RELIANCE,2385.2,2385.2,2381.65,2384.9,16018.0,2384.4500000000003,2384.3136164796797,NaN,NaN,NaN,NaN
118,2023-02-23 13:03:00,NSE:RELIANCE,2384.6,2386.25,2383.6,2384.2,13532.0,2384.109523809524,2384.2757443197866,NaN,2384.2,NaN,NaN
119,2023-02-23 13:06:00,NSE:RELIANCE,2385.1,2388.15,2383.75,2387.8,17930.0,2383.957142857143,2385.450496213191,2387.8,NaN,2384.2,NaN
120,2023-02-23 13:09:00,NSE:RELIANCE,2387.55,2389.5,2387.45,2388.1,20773.0,2383.9333333333334,2386.3336641421274,NaN,NaN,NaN,2387.8
121,2023-02-23 13:12:00,NSE:RELIANCE,2388.1,2388.95,2385.75,2387.35,15175.0,2383.9452380952384,2386.672442761418,NaN,NaN,NaN,NaN
122,2023-02-23 13:15:00,NSE:RELIANCE,2387.35,2388.0,2385.25,2387.2,17266.0,2383.997619047619,2386.8482951742785,NaN,NaN,NaN,NaN
123,2023-02-23 13:18:00,NSE:RELIANCE,2387.05,2387.95,2384.35,2385.1,23317.0,2383.914285714286,2386.265530116186,NaN,2385.1,NaN,NaN
124,2023-02-23 13:21:00,NSE:RELIANCE,2385.55,2386.4,2384.8,2385.6,15836.0,2384.0047619047623,2386.043686744124,NaN,NaN,2385.1,NaN
125,2023-02-23 13:24:00,NSE:RELIANCE,2385.6,2386.2,2384.0,2385.0,15236.0,2384.064285714286,2385.695791162749,NaN,NaN,NaN,NaN
126,2023-02-23 13:27:00,NSE:RELIANCE,2384.95,2386.8,2383.55,2383.55,25891.0,2384.1380952380955,2384.9805274418327,NaN,NaN,NaN,NaN
127,2023-02-23 13:30:00,NSE:RELIANCE,2384.6,2385.55,2383.5,2384.9,29730.0,2384.2047619047626,2384.953684961222,NaN,NaN,NaN,NaN
128,2023-02-23 13:33:00,NSE:RELIANCE,2384.65,2384.95,2383.45,2383.45,24564.0,2384.266666666667,2384.4524566408145,NaN,NaN,NaN,NaN
129,2023-02-23 13:36:00,NSE:RELIANCE,2383.45,2384.2,2380.05,2380.65,39035.0,2384.2500000000005,2383.1849710938764,NaN,NaN,NaN,NaN
130,2023-02-23 13:39:00,NSE:RELIANCE,2381.05,2381.45,2379.6,2380.65,23251.0,2384.1357142857146,2382.339980729251,NaN,NaN,NaN,NaN
131,2023-02-23 13:42:00,NSE:RELIANCE,2380.65,2383.85,2380.0,2383.6,24793.0,2384.2309523809527,2382.7599871528337,2383.6,NaN,NaN,NaN
132,2023-02-23 13:45:00,NSE:RELIANCE,2383.75,2384.15,2382.0,2383.2,17319.0,2384.3285714285716,2382.906658101889,NaN,NaN,NaN,2383.6
133,2023-02-23 13:48:00,NSE:RELIANCE,2383.2,2384.45,2380.85,2383.5,26198.0,2384.540476190476,2383.104438734593,NaN,NaN,NaN,NaN
134,2023-02-23 13:51:00,NSE:RELIANCE,2383.5,2385.15,2383.15,2383.4,23224.0,2384.6880952380952,2383.202959156395,NaN,NaN,NaN,NaN
135,2023-02-23 13:54:00,NSE:RELIANCE,2383.65,2384.8,2382.0,2382.7,19446.0,2384.5523809523806,2383.0353061042633,NaN,2382.7,NaN,NaN
136,2023-02-23 13:57:00,NSE:RELIANCE,2383.2,2384.4,2382.05,2383.5,27742.0,2384.4571428571426,2383.190204069509,2383.5,NaN,2382.7,NaN
137,2023-02-23 14:00:00,NSE:RELIANCE,2383.5,2385.0,2383.25,2384.25,34939.0,2384.4095238095233,2383.543469379673,NaN,NaN,NaN,2383.5
138,2023-02-23 14:03:00,NSE:RELIANCE,2384.95,2385.95,2384.0,2385.0,28276.0,2384.414285714285,2384.0289795864487,NaN,NaN,NaN,NaN
139,2023-02-23 14:06:00,NSE:RELIANCE,2385.25,2385.55,2384.25,2385.0,37484.0,2384.4523809523807,2384.3526530576323,NaN,NaN,NaN,NaN
140,2023-02-23 14:09:00,NSE:RELIANCE,2385.0,2385.5,2383.0,2383.95,30051.0,2384.269047619047,2384.218435371755,NaN,2383.95,NaN,NaN
141,2023-02-23 14:12:00,NSE:RELIANCE,2383.95,2384.7,2383.5,2384.15,25737.0,2384.080952380952,2384.19562358117,NaN,NaN,2383.95,NaN
142,2023-02-23 14:15:00,NSE:RELIANCE,2384.15,2384.5,2383.15,2383.5,22194.0,2383.8976190476187,2383.963749054113,NaN,NaN,NaN,NaN
143,2023-02-23 14:18:00,NSE:RELIANCE,2383.5,2383.7,2382.75,2383.25,29908.0,2383.7095238095235,2383.725832702742,NaN,NaN,NaN,NaN
144,2023-02-23 14:21:00,NSE:RELIANCE,2383.2,2383.4,2382.25,2383.0,25611.0,2383.6095238095236,2383.4838884684946,NaN,NaN,NaN,NaN
145,2023-02-23 14:24:00,NSE:RELIANCE,2382.5,2383.05,2380.5,2382.15,37856.0,2383.445238095238,2383.0392589789963,NaN,NaN,NaN,NaN
146,2023-02-23 14:27:00,NSE:RELIANCE,2382.05,2382.1,2380.2,2381.85,30000.0,2383.295238095238,2382.642839319331,NaN,NaN,NaN,NaN
147,2023-02-23 14:30:00,NSE:RELIANCE,2381.2,2381.9,2378.35,2380.55,79175.0,2383.152380952381,2381.9452262128875,NaN,NaN,NaN,NaN
148,2023-02-23 14:33:00,NSE:RELIANCE,2380.55,2381.8,2377.0,2377.5,37454.0,2382.7999999999997,2380.463484141925,NaN,NaN,NaN,NaN
149,2023-02-23 14:36:00,NSE:RELIANCE,2377.35,2378.85,2375.6,2375.6,31310.0,2382.42619047619,2378.8423227612834,NaN,NaN,NaN,NaN
150,2023-02-23 14:39:00,NSE:RELIANCE,2375.6,2378.35,2375.6,2378.0,25494.0,2382.2999999999997,2378.5615485075223,NaN,NaN,NaN,NaN
151,2023-02-23 14:42:00,NSE:RELIANCE,2378.0,2382.1,2377.05,2381.1,43378.0,2382.3214285714284,2379.407699005015,2381.1,NaN,NaN,NaN
152,2023-02-23 14:45:00,NSE:RELIANCE,2381.05,2382.95,2380.05,2380.9,25301.0,2382.192857142857,2379.90513267001,NaN,NaN,NaN,2381.1
153,2023-02-23 14:48:00,NSE:RELIANCE,2380.0,2380.4,2376.3,2378.35,27011.0,2381.9619047619044,2379.38675511334,NaN,2378.35,NaN,NaN
154,2023-02-23 14:51:00,NSE:RELIANCE,2377.6,2379.15,2377.05,2377.55,22977.0,2381.6785714285716,2378.7745034088935,NaN,NaN,2378.35,NaN
155,2023-02-23 14:54:00,NSE:RELIANCE,2377.4,2377.9,2376.0,2377.0,23501.0,2381.3738095238095,2378.183002272596,NaN,NaN,NaN,NaN
156,2023-02-23 14:57:00,NSE:RELIANCE,2377.0,2378.15,2375.45,2377.15,33264.0,2381.109523809524,2377.8386681817306,NaN,NaN,NaN,NaN
157,2023-02-23 15:00:00,NSE:RELIANCE,2377.2,2377.3,2372.3,2372.45,126325.0,2380.5833333333335,2376.042445454487,NaN,NaN,NaN,NaN
158,2023-02-23 15:03:00,NSE:RELIANCE,2372.45,2372.45,2367.9,2370.45,124963.0,2379.92619047619,2374.178296969658,NaN,NaN,NaN,NaN
159,2023-02-23 15:06:00,NSE:RELIANCE,2370.4,2371.4,2368.0,2369.7,98081.0,2379.197619047619,2372.685531313105,NaN,NaN,NaN,NaN
160,2023-02-23 15:09:00,NSE:RELIANCE,2369.7,2370.5,2367.0,2367.45,110716.0,2378.3619047619045,2370.9403542087366,NaN,NaN,NaN,NaN
161,2023-02-23 15:12:00,NSE:RELIANCE,2367.45,2369.0,2365.5,2365.5,150618.0,2377.483333333333,2369.1269028058246,NaN,NaN,NaN,NaN
162,2023-02-23 15:15:00,NSE:RELIANCE,2365.0,2365.5,2362.15,2363.8,150880.0,2376.5142857142855,2367.3512685372166,NaN,NaN,NaN,NaN
163,2023-02-23 15:18:00,NSE:RELIANCE,2363.8,2366.5,2362.9,2365.65,159950.0,2375.6642857142856,2366.7841790248112,NaN,NaN,NaN,NaN
164,2023-02-23 15:21:00,NSE:RELIANCE,2365.75,2370.6,2365.6,2370.0,118882.0,2375.0333333333333,2367.856119349874,2370.0,NaN,NaN,NaN
165,2023-02-23 15:24:00,NSE:RELIANCE,2370.05,2370.05,2363.1,2364.2,160188.0,2374.138095238095,2366.637412899916,NaN,2364.2,NaN,2370.0
166,2023-02-23 15:27:00,NSE:RELIANCE,2364.2,2367.3,2363.25,2366.5,100797.0,2373.392857142857,2366.591608599944,NaN,NaN,2364.2,NaN
167,2023-02-24 09:15:00,NSE:RELIANCE,2369.0,2381.9,2368.0,2381.45,177749.0,2373.373809523809,2371.5444057332957,2381.45,NaN,NaN,NaN
168,2023-02-24 09:18:00,NSE:RELIANCE,2379.6,2386.4,2377.0,2385.25,86751.0,2373.5976190476185,2376.1129371555303,NaN,NaN,NaN,2381.45
169,2023-02-24 09:21:00,NSE:RELIANCE,2384.2,2385.4,2378.75,2379.9,95962.0,2373.7119047619044,2377.37529143702,NaN,NaN,NaN,NaN
170,2023-02-24 09:24:00,NSE:RELIANCE,2379.9,2386.9,2379.9,2383.0,78116.0,2374.0642857142852,2379.250194291347,NaN,NaN,NaN,NaN
171,2023-02-24 09:27:00,NSE:RELIANCE,2383.2,2383.2,2379.0,2379.25,47472.0,2374.123809523809,2379.2501295275647,NaN,2379.25,NaN,NaN
172,2023-02-24 09:30:00,NSE:RELIANCE,2379.45,2382.45,2378.0,2379.9,38257.0,2374.0666666666666,2379.4667530183765,2379.9,NaN,2379.25,NaN
173,2023-02-24 09:33:00,NSE:RELIANCE,2379.9,2383.05,2379.65,2380.5,58357.0,2374.047619047619,2379.8111686789175,NaN,NaN,NaN,2379.9
174,2023-02-24 09:36:00,NSE:RELIANCE,2380.45,2385.45,2380.45,2383.85,48905.0,2374.3095238095234,2381.157445785945,NaN,NaN,NaN,NaN
175,2023-02-24 09:39:00,NSE:RELIANCE,2383.1,2384.05,2381.1,2381.8,29179.0,2374.5119047619046,2381.3716305239636,NaN,NaN,NaN,NaN
176,2023-02-24 09:42:00,NSE:RELIANCE,2381.8,2383.5,2381.25,2383.0,35099.0,2374.797619047619,2381.9144203493092,NaN,NaN,NaN,NaN
177,2023-02-24 09:45:00,NSE:RELIANCE,2383.05,2383.6,2381.15,2382.4,67436.0,2375.047619047619,2382.0762802328727,NaN,NaN,NaN,NaN
178,2023-02-24 09:48:00,NSE:RELIANCE,2381.95,2382.65,2376.7,2378.75,42327.0,2375.347619047619,2380.9675201552486,NaN,2378.75,NaN,NaN
179,2023-02-24 09:51:00,NSE:RELIANCE,2378.65,2381.25,2376.4,2381.2,35971.0,2375.8595238095236,2381.0450134368325,2381.2,NaN,2378.75,NaN
180,2023-02-24 09:54:00,NSE:RELIANCE,2381.2,2383.9,2379.45,2383.6,26372.0,2376.5214285714283,2381.896675624555,NaN,NaN,NaN,2381.2
181,2023-02-24 09:57:00,NSE:RELIANCE,2383.1,2387.6,2382.75,2386.75,67677.0,2377.440476190476,2383.51445041637,NaN,NaN,NaN,NaN
182,2023-02-24 10:00:00,NSE:RELIANCE,2387.15,2390.8,2386.25,2390.0,78792.0,2378.6071428571427,2385.67630027758,NaN,NaN,NaN,NaN
183,2023-02-24 10:03:00,NSE:RELIANCE,2390.2,2392.0,2389.45,2390.65,50218.0,2379.885714285714,2387.3342001850533,NaN,NaN,NaN,NaN
184,2023-02-24 10:06:00,NSE:RELIANCE,2390.65,2391.0,2388.55,2390.0,60032.0,2381.045238095238,2388.222800123369,NaN,NaN,NaN,NaN
185,2023-02-24 10:09:00,NSE:RELIANCE,2390.05,2391.9,2389.25,2390.5,46600.0,2382.0214285714283,2388.9818667489126,NaN,NaN,NaN,NaN
186,2023-02-24 10:12:00,NSE:RELIANCE,2391.0,2391.6,2390.7,2391.05,39450.0,2383.3,2389.671244499275,NaN,NaN,NaN,NaN
187,2023-02-24 10:15:00,NSE:RELIANCE,2391.1,2394.0,2390.6,2392.0,61441.0,2384.514285714286,2390.44749633285,NaN,NaN,NaN,NaN
188,2023-02-24 10:18:00,NSE:RELIANCE,2392.8,2394.95,2390.0,2394.3,74045.0,2385.126190476191,2391.7316642219,NaN,NaN,NaN,NaN
189,2023-02-24 10:21:00,NSE:RELIANCE,2394.1,2396.15,2392.0,2394.7,70015.0,2385.5761904761907,2392.7211094812665,NaN,NaN,NaN,NaN
190,2023-02-24 10:24:00,NSE:RELIANCE,2394.3,2395.4,2393.15,2393.7,17034.0,2386.2333333333336,2393.0474063208444,NaN,NaN,NaN,NaN
191,2023-02-24 10:27:00,NSE:RELIANCE,2393.35,2393.95,2390.0,2390.0,27212.0,2386.5666666666666,2392.031604213896,NaN,2390.0,NaN,NaN
192,2023-02-24 10:30:00,NSE:RELIANCE,2390.25,2390.7,2387.0,2388.0,57995.0,2386.9833333333336,2390.6877361425973,NaN,NaN,2390.0,NaN
193,2023-02-24 10:33:00,NSE:RELIANCE,2387.95,2389.2,2385.05,2387.45,32395.0,2387.342857142857,2389.6084907617314,NaN,NaN,NaN,NaN
194,2023-02-24 10:36:00,NSE:RELIANCE,2387.45,2389.5,2387.05,2389.15,38012.0,2387.754761904762,2389.455660507821,NaN,NaN,NaN,NaN
195,2023-02-24 10:39:00,NSE:RELIANCE,2389.15,2389.75,2386.5,2389.15,19393.0,2388.0071428571428,2389.353773671881,NaN,NaN,NaN,NaN
196,2023-02-24 10:42:00,NSE:RELIANCE,2389.15,2391.0,2388.0,2388.75,23749.0,2388.3380952380953,2389.152515781254,NaN,NaN,NaN,NaN
197,2023-02-24 10:45:00,NSE:RELIANCE,2388.05,2389.3,2388.0,2388.9,18365.0,2388.6190476190477,2389.068343854169,NaN,NaN,NaN,NaN
198,2023-02-24 10:48:00,NSE:RELIANCE,2389.0,2389.0,2387.5,2388.45,30160.0,2388.907142857143,2388.862229236113,NaN,NaN,NaN,NaN
199,2023-02-24 10:51:00,NSE:RELIANCE,2387.8,2388.95,2385.9,2385.9,11408.0,2389.247619047619,2387.874819490742,NaN,NaN,NaN,NaN
200,2023-02-24 10:54:00,NSE:RELIANCE,2386.0,2386.0,2383.2,2383.25,33441.0,2389.345238095238,2386.333212993828,NaN,NaN,NaN,NaN
201,2023-02-24 10:57:00,NSE:RELIANCE,2383.25,2383.75,2382.1,2383.75,35556.0,2389.352380952381,2385.4721419958855,NaN,NaN,NaN,NaN
202,2023-02-24 11:00:00,NSE:RELIANCE,2383.5,2384.1,2382.1,2382.5,36093.0,2389.15,2384.481427997257,NaN,NaN,NaN,NaN
203,2023-02-24 11:03:00,NSE:RELIANCE,2383.2,2383.7,2381.65,2382.65,18227.0,2388.8,2383.870951998171,NaN,NaN,NaN,NaN
204,2023-02-24 11:06:00,NSE:RELIANCE,2383.55,2385.9,2383.1,2385.1,28517.0,2388.535714285714,2384.2806346654475,2385.1,NaN,NaN,NaN
205,2023-02-24 11:09:00,NSE:RELIANCE,2385.0,2385.85,2384.75,2385.3,21182.0,2388.3119047619048,2384.6204231102984,NaN,NaN,NaN,2385.1
206,2023-02-24 11:12:00,NSE:RELIANCE,2385.25,2386.15,2385.0,2385.55,31089.0,2388.0761904761907,2384.9302820735325,NaN,NaN,NaN,NaN
207,2023-02-24 11:15:00,NSE:RELIANCE,2385.6,2386.15,2385.0,2386.15,16037.0,2387.842857142857,2385.3368547156883,NaN,NaN,NaN,NaN
208,2023-02-24 11:18:00,NSE:RELIANCE,2386.05,2388.95,2385.75,2387.4,29586.0,2387.62380952381,2386.024569810459,NaN,NaN,NaN,NaN
209,2023-02-24 11:21:00,NSE:RELIANCE,2387.4,2387.4,2386.05,2386.8,6524.0,2387.266666666667,2386.2830465403063,NaN,NaN,NaN,NaN
210,2023-02-24 11:24:00,NSE:RELIANCE,2386.75,2387.5,2385.4,2386.9,18954.0,2386.8952380952387,2386.4886976935377,NaN,NaN,NaN,NaN
211,2023-02-24 11:27:00,NSE:RELIANCE,2386.9,2386.9,2385.0,2385.15,15783.0,2386.488095238096,2386.042465129025,NaN,2385.15,NaN,NaN
212,2023-02-24 11:30:00,NSE:RELIANCE,2385.0,2386.9,2385.0,2386.7,12371.0,2386.330952380953,2386.26164341935,2386.7,NaN,2385.15,NaN
213,2023-02-24 11:33:00,NSE:RELIANCE,2386.3,2386.4,2385.5,2386.25,8232.0,2386.2476190476195,2386.2577622795666,NaN,2386.25,NaN,2386.7
214,2023-02-24 11:36:00,NSE:RELIANCE,2386.0,2386.35,2383.95,2384.2,29939.0,2386.0928571428576,2385.571841519711,NaN,NaN,2386.25,NaN
215,2023-02-24 11:39:00,NSE:RELIANCE,2384.05,2384.2,2381.15,2383.0,20119.0,2385.8000000000006,2384.7145610131406,NaN,NaN,NaN,NaN
216,2023-02-24 11:42:00,NSE:RELIANCE,2383.0,2383.25,2380.0,2380.55,26440.0,2385.390476190477,2383.3263740087605,NaN,NaN,NaN,NaN
217,2023-02-24 11:45:00,NSE:RELIANCE,2380.0,2381.85,2378.85,2380.65,38495.0,2385.0047619047627,2382.4342493391737,NaN,NaN,NaN,NaN
218,2023-02-24 11:48:00,NSE:RELIANCE,2380.65,2380.9,2378.5,2380.25,45076.0,2384.5928571428576,2381.706166226116,NaN,NaN,NaN,NaN
219,2023-02-24 11:51:00,NSE:RELIANCE,2379.5,2381.45,2379.5,2381.2,23830.0,2384.2476190476195,2381.537444150744,NaN,NaN,NaN,NaN
220,2023-02-24 11:54:00,NSE:RELIANCE,2381.2,2383.5,2381.0,2383.0,19028.0,2384.1095238095245,2382.0249627671624,2383.0,NaN,NaN,NaN
221,2023-02-24 11:57:00,NSE:RELIANCE,2383.0,2383.4,2380.8,2381.4,27960.0,2384.021428571429,2381.816641844775,NaN,2381.4,NaN,2383.0
222,2023-02-24 12:00:00,NSE:RELIANCE,2382.0,2382.05,2377.8,2378.5,69625.0,2383.771428571429,2380.7110945631835,NaN,NaN,2381.4,NaN
223,2023-02-24 12:03:00,NSE:RELIANCE,2379.3,2381.1,2378.0,2379.05,34237.0,2383.6071428571436,2380.157396375456,NaN,NaN,NaN,NaN
224,2023-02-24 12:06:00,NSE:RELIANCE,2379.0,2381.0,2378.5,2379.3,31472.0,2383.44761904762,2379.871597583637,NaN,NaN,NaN,NaN
225,2023-02-24 12:09:00,NSE:RELIANCE,2379.3,2379.55,2375.45,2378.0,22228.0,2383.1095238095245,2379.2477317224248,NaN,NaN,NaN,NaN
226,2023-02-24 12:12:00,NSE:RELIANCE,2378.0,2378.7,2377.0,2377.35,14539.0,2382.730952380953,2378.6151544816166,NaN,NaN,NaN,NaN
227,2023-02-24 12:15:00,NSE:RELIANCE,2377.35,2377.8,2374.1,2376.5,30617.0,2382.3000000000006,2377.9101029877443,NaN,NaN,NaN,NaN
228,2023-02-24 12:18:00,NSE:RELIANCE,2376.3,2376.65,2374.05,2375.15,18070.0,2381.776190476191,2376.990068658496,NaN,NaN,NaN,NaN
229,2023-02-24 12:21:00,NSE:RELIANCE,2374.85,2375.25,2374.3,2375.15,18829.0,2381.1928571428575,2376.3767124389974,NaN,NaN,NaN,NaN
230,2023-02-24 12:24:00,NSE:RELIANCE,2375.15,2375.8,2374.0,2374.95,23085.0,2380.628571428572,2375.901141625998,NaN,NaN,NaN,NaN
231,2023-02-24 12:27:00,NSE:RELIANCE,2374.95,2375.5,2373.95,2374.4,21512.0,2380.0333333333338,2375.400761083999,NaN,NaN,NaN,NaN
232,2023-02-24 12:30:00,NSE:RELIANCE,2374.95,2375.9,2373.8,2374.8,23692.0,2379.5404761904765,2375.200507389333,NaN,NaN,NaN,NaN
233,2023-02-24 12:33:00,NSE:RELIANCE,2374.8,2375.1,2374.0,2375.1,20228.0,2378.9880952380954,2375.167004926222,NaN,NaN,NaN,NaN
234,2023-02-24 12:36:00,NSE:RELIANCE,2375.0,2379.85,2374.95,2379.5,38161.0,2378.666666666667,2376.6113366174814,2379.5,NaN,NaN,NaN
235,2023-02-24 12:39:00,NSE:RELIANCE,2379.45,2380.0,2377.35,2378.4,15574.0,2378.390476190477,2377.2075577449878,NaN,NaN,NaN,2379.5
236,2023-02-24 12:42:00,NSE:RELIANCE,2378.25,2378.6,2377.95,2377.95,14387.0,2378.1500000000005,2377.4550384966583,NaN,NaN,NaN,NaN
237,2023-02-24 12:45:00,NSE:RELIANCE,2378.7,2379.0,2377.5,2378.1,13188.0,2378.0333333333338,2377.670025664439,NaN,NaN,NaN,NaN
238,2023-02-24 12:48:00,NSE:RELIANCE,2378.25,2378.4,2376.95,2377.3,16692.0,2377.87380952381,2377.546683776293,NaN,2377.3,NaN,NaN
239,2023-02-24 12:51:00,NSE:RELIANCE,2377.3,2377.35,2375.45,2376.35,30337.0,2377.6880952380952,2377.147789184195,NaN,NaN,2377.3,NaN
240,2023-02-24 12:54:00,NSE:RELIANCE,2376.35,2376.35,2373.0,2373.5,39563.0,2377.321428571429,2375.93185945613,NaN,NaN,NaN,NaN
241,2023-02-24 12:57:00,NSE:RELIANCE,2373.6,2374.75,2370.2,2372.8,50160.0,2376.835714285715,2374.8879063040868,NaN,NaN,NaN,NaN
242,2023-02-24 13:00:00,NSE:RELIANCE,2372.8,2374.4,2371.8,2373.45,24450.0,2376.457142857143,2374.4086042027243,NaN,NaN,NaN,NaN
243,2023-02-24 13:03:00,NSE:RELIANCE,2373.55,2373.6,2371.2,2371.45,18434.0,2376.1214285714286,2373.422402801816,NaN,NaN,NaN,NaN
244,2023-02-24 13:06:00,NSE:RELIANCE,2371.4,2372.0,2368.0,2368.8,47581.0,2375.6333333333337,2371.8816018678776,NaN,NaN,NaN,NaN
245,2023-02-24 13:09:00,NSE:RELIANCE,2368.65,2372.55,2368.5,2371.9,35719.0,2375.2809523809524,2371.887734578585,2371.9,NaN,NaN,NaN
246,2023-02-24 13:12:00,NSE:RELIANCE,2371.5,2372.2,2370.5,2371.2,22260.0,2374.9571428571426,2371.6584897190564,NaN,2371.2,NaN,2371.9
247,2023-02-24 13:15:00,NSE:RELIANCE,2371.3,2371.85,2369.05,2370.9,18922.0,2374.65,2371.4056598127045,NaN,NaN,2371.2,NaN
248,2023-02-24 13:18:00,NSE:RELIANCE,2370.9,2373.8,2370.15,2372.55,19013.0,2374.461904761905,2371.787106541803,2372.55,NaN,NaN,NaN
249,2023-02-24 13:21:00,NSE:RELIANCE,2372.55,2372.95,2371.3,2371.75,15109.0,2374.3,2371.7747376945354,NaN,2371.75,NaN,2372.55
250,2023-02-24 13:24:00,NSE:RELIANCE,2371.4,2372.75,2370.8,2371.9,15667.0,2374.1452380952383,2371.816491796357,2371.9,NaN,2371.75,NaN
251,2023-02-24 13:27:00,NSE:RELIANCE,2371.9,2371.9,2369.85,2370.55,23466.0,2373.9357142857148,2371.3943278642378,NaN,2370.55,NaN,2371.9
252,2023-02-24 13:30:00,NSE:RELIANCE,2371.0,2372.35,2370.25,2370.45,18687.0,2373.747619047619,2371.079551909492,NaN,NaN,2370.55,NaN
253,2023-02-24 13:33:00,NSE:RELIANCE,2370.7,2371.35,2368.8,2370.4,22823.0,2373.5380952380956,2370.853034606328,NaN,NaN,NaN,NaN
254,2023-02-24 13:36:00,NSE:RELIANCE,2370.4,2371.45,2369.3,2371.15,20598.0,2373.3500000000004,2370.9520230708854,2371.15,NaN,NaN,NaN
255,2023-02-24 13:39:00,NSE:RELIANCE,2371.15,2371.7,2370.1,2371.4,16027.0,2372.9642857142862,2371.1013487139235,NaN,NaN,NaN,2371.15
256,2023-02-24 13:42:00,NSE:RELIANCE,2371.0,2375.4,2371.0,2375.05,28862.0,2372.8047619047625,2372.417565809282,NaN,NaN,NaN,NaN
257,2023-02-24 13:45:00,NSE:RELIANCE,2375.0,2377.85,2375.0,2377.75,26689.0,2372.795238095239,2374.195043872855,NaN,NaN,NaN,NaN
258,2023-02-24 13:48:00,NSE:RELIANCE,2377.8,2380.0,2377.3,2378.7,30239.0,2372.82380952381,2375.6966959152364,NaN,NaN,NaN,NaN
259,2023-02-24 13:51:00,NSE:RELIANCE,2378.7,2379.7,2377.8,2379.7,19774.0,2372.9380952380952,2377.0311306101576,NaN,NaN,NaN,NaN
260,2023-02-24 13:54:00,NSE:RELIANCE,2379.5,2384.5,2379.35,2383.7,38487.0,2373.2880952380956,2379.2540870734383,NaN,NaN,NaN,NaN
261,2023-02-24 13:57:00,NSE:RELIANCE,2383.65,2384.75,2381.0,2382.3,26586.0,2373.707142857143,2380.2693913822923,NaN,NaN,NaN,NaN
262,2023-02-24 14:00:00,NSE:RELIANCE,2382.3,2383.5,2381.25,2381.95,37333.0,2374.1428571428573,2380.8295942548616,NaN,NaN,NaN,NaN
263,2023-02-24 14:03:00,NSE:RELIANCE,2381.95,2381.95,2379.25,2379.7,25866.0,2374.440476190476,2380.453062836574,NaN,2379.7,NaN,NaN
264,2023-02-24 14:06:00,NSE:RELIANCE,2379.7,2380.5,2378.0,2378.0,39360.0,2374.752380952381,2379.6353752243826,NaN,NaN,2379.7,NaN
265,2023-02-24 14:09:00,NSE:RELIANCE,2377.55,2381.3,2377.0,2381.15,42859.0,2375.3404761904762,2380.1402501495886,2381.15,NaN,NaN,NaN
266,2023-02-24 14:12:00,NSE:RELIANCE,2381.15,2383.05,2380.45,2380.8,29687.0,2375.764285714286,2380.3601667663925,NaN,NaN,NaN,2381.15
267,2023-02-24 14:15:00,NSE:RELIANCE,2380.8,2381.0,2376.7,2376.95,20232.0,2376.0380952380956,2379.2234445109284,NaN,2376.95,NaN,NaN
268,2023-02-24 14:18:00,NSE:RELIANCE,2377.05,2379.0,2375.65,2376.65,24962.0,2376.3119047619048,2378.3656296739523,NaN,NaN,2376.95,NaN
269,2023-02-24 14:21:00,NSE:RELIANCE,2376.65,2379.4,2376.55,2378.15,18679.0,2376.5785714285716,2378.2937531159682,NaN,NaN,NaN,NaN
270,2023-02-24 14:24:00,NSE:RELIANCE,2378.05,2379.3,2377.5,2377.7,15809.0,2376.8619047619045,2378.0958354106456,NaN,NaN,NaN,NaN
271,2023-02-24 14:27:00,NSE:RELIANCE,2377.55,2377.8,2375.0,2376.15,22991.0,2377.0642857142857,2377.447223607097,NaN,NaN,NaN,NaN
272,2023-02-24 14:30:00,NSE:RELIANCE,2376.95,2377.55,2376.05,2376.8,17674.0,2377.3619047619045,2377.231482404731,NaN,NaN,NaN,NaN
273,2023-02-24 14:33:00,NSE:RELIANCE,2376.8,2379.3,2376.0,2378.65,20637.0,2377.752380952381,2377.7043216031543,2378.65,NaN,NaN,NaN
274,2023-02-24 14:36:00,NSE:RELIANCE,2378.65,2379.45,2377.8,2379.45,14302.0,2378.1833333333334,2378.286214402103,NaN,NaN,NaN,2378.65
275,2023-02-24 14:39:00,NSE:RELIANCE,2379.45,2381.55,2379.45,2381.05,26118.0,2378.654761904762,2379.2074762680686,NaN,NaN,NaN,NaN
276,2023-02-24 14:42:00,NSE:RELIANCE,2381.05,2381.4,2378.35,2378.95,18673.0,2379.0142857142855,2379.121650845379,NaN,2378.95,NaN,NaN
277,2023-02-24 14:45:00,NSE:RELIANCE,2378.95,2379.4,2376.5,2377.0,13664.0,2379.1071428571427,2378.4144338969195,NaN,NaN,2378.95,NaN
278,2023-02-24 14:48:00,NSE:RELIANCE,2376.3,2377.0,2375.5,2375.5,29523.0,2378.9999999999995,2377.44295593128,NaN,NaN,NaN,NaN
279,2023-02-24 14:51:00,NSE:RELIANCE,2375.55,2375.55,2373.25,2375.0,34348.0,2378.8238095238094,2376.6286372875197,NaN,NaN,NaN,NaN
280,2023-02-24 14:54:00,NSE:RELIANCE,2375.0,2377.6,2374.8,2377.55,16031.0,2378.7214285714285,2376.9357581916797,2377.55,NaN,NaN,NaN
281,2023-02-24 14:57:00,NSE:RELIANCE,2377.0,2377.0,2374.3,2375.2,32216.0,2378.3166666666666,2376.3571721277863,NaN,2375.2,NaN,2377.55
282,2023-02-24 15:00:00,NSE:RELIANCE,2374.4,2379.05,2374.4,2379.05,49431.0,2378.1619047619047,2377.254781418524,2379.05,NaN,2375.2,NaN
283,2023-02-24 15:03:00,NSE:RELIANCE,2379.1,2381.0,2379.05,2380.5,56223.0,2378.092857142857,2378.336520945683,NaN,NaN,NaN,2379.05
284,2023-02-24 15:06:00,NSE:RELIANCE,2380.7,2381.85,2380.05,2380.4,44050.0,2378.126190476191,2379.024347297122,NaN,NaN,NaN,NaN
285,2023-02-24 15:09:00,NSE:RELIANCE,2380.75,2383.9,2380.65,2382.5,57426.0,2378.3404761904767,2380.182898198081,NaN,NaN,NaN,NaN
286,2023-02-24 15:12:00,NSE:RELIANCE,2382.45,2385.0,2382.0,2384.1,69204.0,2378.4809523809527,2381.488598798721,NaN,NaN,NaN,NaN
287,2023-02-24 15:15:00,NSE:RELIANCE,2384.2,2385.7,2383.2,2383.85,58621.0,2378.6261904761905,2382.2757325324806,NaN,NaN,NaN,NaN
288,2023-02-24 15:18:00,NSE:RELIANCE,2383.85,2386.1,2383.45,2385.45,73786.0,2379.0309523809524,2383.3338216883203,NaN,NaN,NaN,NaN
289,2023-02-24 15:21:00,NSE:RELIANCE,2385.45,2387.75,2385.35,2387.5,43936.0,2379.5476190476193,2384.7225477922134,NaN,NaN,NaN,NaN
290,2023-02-24 15:24:00,NSE:RELIANCE,2387.45,2389.9,2387.35,2388.55,67670.0,2380.0428571428574,2385.998365194809,NaN,NaN,NaN,NaN
291,2023-02-24 15:27:00,NSE:RELIANCE,2387.6,2389.95,2386.1,2387.9,46550.0,2380.528571428572,2386.632243463206,NaN,NaN,NaN,NaN
292,2023-02-27 09:15:00,NSE:RELIANCE,2383.7,2384.55,2375.25,2375.9,112109.0,2380.516666666667,2383.0548289754706,NaN,2375.9,NaN,NaN
293,2023-02-27 09:18:00,NSE:RELIANCE,2375.05,2379.85,2373.0,2379.5,71773.0,2380.6452380952383,2381.8698859836472,NaN,NaN,2375.9,NaN
294,2023-02-27 09:21:00,NSE:RELIANCE,2379.5,2380.0,2370.65,2374.9,45147.0,2380.4666666666667,2379.5465906557647,NaN,NaN,NaN,NaN
295,2023-02-27 09:24:00,NSE:RELIANCE,2374.5,2378.0,2372.5,2377.6,27195.0,2380.378571428572,2378.897727103843,NaN,NaN,NaN,NaN
296,2023-02-27 09:27:00,NSE:RELIANCE,2377.95,2385.0,2377.65,2384.4,67107.0,2380.5380952380956,2380.7318180692287,2384.4,NaN,NaN,NaN
297,2023-02-27 09:30:00,NSE:RELIANCE,2385.0,2386.1,2382.0,2384.65,49741.0,2380.8095238095243,2382.0378787128193,NaN,NaN,NaN,2384.4
298,2023-02-27 09:33:00,NSE:RELIANCE,2384.85,2389.65,2384.05,2385.0,51129.0,2381.1904761904766,2383.0252524752127,NaN,NaN,NaN,NaN
299,2023-02-27 09:36:00,NSE:RELIANCE,2385.0,2386.65,2383.2,2385.0,32768.0,2381.6428571428573,2383.683501650142,NaN,NaN,NaN,NaN
300,2023-02-27 09:39:00,NSE:RELIANCE,2385.0,2385.9,2375.05,2378.4,101836.0,2381.8047619047625,2381.9223344334277,NaN,2378.4,NaN,NaN
301,2023-02-27 09:42:00,NSE:RELIANCE,2378.1,2381.0,2377.55,2381.0,55009.0,2381.969047619048,2381.6148896222853,NaN,NaN,2378.4,NaN
302,2023-02-27 09:45:00,NSE:RELIANCE,2380.55,2381.5,2377.2,2379.0,61567.0,2382.1500000000005,2380.74325974819,NaN,NaN,NaN,NaN
303,2023-02-27 09:48:00,NSE:RELIANCE,2379.4,2379.8,2374.0,2377.6,32109.0,2382.0809523809526,2379.6955064987933,NaN,NaN,NaN,NaN
304,2023-02-27 09:51:00,NSE:RELIANCE,2378.0,2379.45,2377.0,2377.4,16974.0,2381.9333333333334,2378.930337665862,NaN,NaN,NaN,NaN
305,2023-02-27 09:54:00,NSE:RELIANCE,2377.65,2378.65,2371.15,2372.05,50556.0,2381.5357142857147,2376.6368917772415,NaN,NaN,NaN,NaN
306,2023-02-27 09:57:00,NSE:RELIANCE,2371.75,2371.9,2361.0,2361.3,98718.0,2380.526190476191,2371.524594518161,NaN,NaN,NaN,NaN
307,2023-02-27 10:00:00,NSE:RELIANCE,2360.3,2364.85,2358.4,2363.6,87294.0,2379.5500000000006,2368.8830630121074,NaN,NaN,NaN,NaN
308,2023-02-27 10:03:00,NSE:RELIANCE,2363.3,2363.3,2360.0,2360.15,48347.0,2378.4214285714293,2365.9720420080716,NaN,NaN,NaN,NaN
309,2023-02-27 10:06:00,NSE:RELIANCE,2360.45,2361.0,2355.0,2360.5,98370.0,2377.233333333334,2364.148028005381,NaN,NaN,NaN,NaN
310,2023-02-27 10:09:00,NSE:RELIANCE,2360.45,2361.85,2358.4,2361.25,57221.0,2375.983333333334,2363.182018670254,NaN,NaN,NaN,NaN
311,2023-02-27 10:12:00,NSE:RELIANCE,2361.25,2361.3,2355.45,2356.3,51813.0,2374.44761904762,2360.888012446836,NaN,NaN,NaN,NaN
312,2023-02-27 10:15:00,NSE:RELIANCE,2356.45,2361.0,2353.5,2361.0,53719.0,2373.1666666666674,2360.925341631224,2361.0,NaN,NaN,NaN
313,2023-02-27 10:18:00,NSE:RELIANCE,2361.0,2365.5,2360.35,2365.0,31481.0,2372.6476190476196,2362.2835610874827,NaN,NaN,NaN,2361.0
314,2023-02-27 10:21:00,NSE:RELIANCE,2365.0,2365.95,2361.5,2362.7,44770.0,2371.8476190476194,2362.4223740583216,NaN,NaN,NaN,NaN
315,2023-02-27 10:24:00,NSE:RELIANCE,2361.95,2362.85,2360.0,2360.8,22015.0,2371.176190476191,2361.8815827055478,NaN,2360.8,NaN,NaN
316,2023-02-27 10:27:00,NSE:RELIANCE,2360.8,2364.55,2360.2,2364.5,16427.0,2370.5523809523816,2362.754388470365,2364.5,NaN,2360.8,NaN
317,2023-02-27 10:30:00,NSE:RELIANCE,2364.5,2365.6,2360.0,2360.85,38009.0,2369.430952380953,2362.1195923135765,NaN,2360.85,NaN,2364.5
318,2023-02-27 10:33:00,NSE:RELIANCE,2360.75,2362.4,2359.65,2362.15,32781.0,2368.3595238095245,2362.129728209051,2362.15,NaN,2360.85,NaN
319,2023-02-27 10:36:00,NSE:RELIANCE,2362.0,2363.25,2361.0,2363.0,14243.0,2367.311904761905,2362.419818806034,NaN,NaN,NaN,2362.15
320,2023-02-27 10:39:00,NSE:RELIANCE,2363.1,2365.95,2362.0,2365.95,43887.0,2366.4047619047624,2363.596545870689,NaN,NaN,NaN,NaN
321,2023-02-27 10:42:00,NSE:RELIANCE,2365.15,2366.15,2363.0,2366.0,28712.0,2365.814285714286,2364.397697247126,NaN,NaN,NaN,NaN
322,2023-02-27 10:45:00,NSE:RELIANCE,2366.05,2366.85,2365.0,2365.4,20049.0,2365.071428571429,2364.7317981647507,NaN,NaN,NaN,NaN
323,2023-02-27 10:48:00,NSE:RELIANCE,2365.4,2366.75,2363.0,2363.4,54242.0,2364.3285714285716,2364.287865443167,NaN,2363.4,NaN,NaN
324,2023-02-27 10:51:00,NSE:RELIANCE,2363.25,2366.4,2362.0,2362.8,41927.0,2363.62380952381,2363.7919102954447,NaN,NaN,2363.4,NaN
325,2023-02-27 10:54:00,NSE:RELIANCE,2363.45,2366.8,2362.55,2366.35,48730.0,2363.0976190476194,2364.6446068636296,2366.35,NaN,NaN,NaN
326,2023-02-27 10:57:00,NSE:RELIANCE,2366.75,2368.35,2365.7,2365.85,39079.0,2362.802380952381,2365.046404575753,NaN,NaN,NaN,2366.35
327,2023-02-27 11:00:00,NSE:RELIANCE,2365.85,2371.9,2365.35,2370.8,55300.0,2363.2547619047623,2366.964269717169,NaN,NaN,NaN,NaN
328,2023-02-27 11:03:00,NSE:RELIANCE,2371.0,2373.55,2369.8,2372.45,46651.0,2363.6761904761906,2368.7928464781126,NaN,NaN,NaN,NaN
329,2023-02-27 11:06:00,NSE:RELIANCE,2372.55,2374.25,2372.0,2374.0,34482.0,2364.3357142857144,2370.5285643187417,NaN,NaN,NaN,NaN
330,2023-02-27 11:09:00,NSE:RELIANCE,2374.0,2374.4,2373.0,2373.75,18968.0,2364.9666666666667,2371.6023762124946,NaN,NaN,NaN,NaN
331,2023-02-27 11:12:00,NSE:RELIANCE,2373.7,2374.7,2373.0,2373.85,37749.0,2365.5666666666666,2372.351584141663,NaN,NaN,NaN,NaN
332,2023-02-27 11:15:00,NSE:RELIANCE,2373.85,2374.0,2373.0,2373.1,13852.0,2366.3666666666663,2372.601056094442,NaN,NaN,NaN,NaN
333,2023-02-27 11:18:00,NSE:RELIANCE,2373.15,2374.85,2373.0,2373.0,33918.0,2366.9380952380952,2372.7340373962948,NaN,NaN,NaN,NaN
334,2023-02-27 11:21:00,NSE:RELIANCE,2373.0,2374.35,2371.95,2373.5,22492.0,2367.342857142857,2372.9893582641967,NaN,NaN,NaN,NaN
335,2023-02-27 11:24:00,NSE:RELIANCE,2373.5,2373.9,2372.6,2373.3,16031.0,2367.847619047619,2373.0929055094643,NaN,NaN,NaN,NaN
336,2023-02-27 11:27:00,NSE:RELIANCE,2373.3,2373.3,2370.55,2372.0,18330.0,2368.3809523809523,2372.728603672976,NaN,2372.0,NaN,NaN
337,2023-02-27 11:30:00,NSE:RELIANCE,2372.0,2372.75,2370.0,2372.0,15865.0,2368.7380952380954,2372.485735781984,NaN,NaN,2372.0,NaN
338,2023-02-27 11:33:00,NSE:RELIANCE,2372.0,2372.5,2370.75,2372.35,24788.0,2369.285714285714,2372.4404905213228,NaN,NaN,NaN,NaN
339,2023-02-27 11:36:00,NSE:RELIANCE,2372.4,2377.0,2371.75,2376.35,35149.0,2369.9619047619044,2373.7436603475485,2376.35,NaN,NaN,NaN
340,2023-02-27 11:39:00,NSE:RELIANCE,2376.6,2380.0,2376.15,2379.25,31717.0,2370.735714285714,2375.579106898366,NaN,NaN,NaN,2376.35
341,2023-02-27 11:42:00,NSE:RELIANCE,2379.05,2379.75,2376.6,2376.6,21826.0,2371.2428571428572,2375.9194045989107,NaN,NaN,NaN,NaN
342,2023-02-27 11:45:00,NSE:RELIANCE,2376.6,2376.85,2372.9,2373.6,24342.0,2371.6047619047617,2375.146269732607,NaN,2373.6,NaN,NaN
343,2023-02-27 11:48:00,NSE:RELIANCE,2374.0,2375.6,2373.15,2375.6,10500.0,2372.090476190476,2375.297513155071,2375.6,NaN,2373.6,NaN
344,2023-02-27 11:51:00,NSE:RELIANCE,2374.75,2376.05,2373.6,2374.1,26355.0,2372.5999999999995,2374.898342103381,NaN,2374.1,NaN,2375.6
345,2023-02-27 11:54:00,NSE:RELIANCE,2374.05,2374.85,2372.1,2374.0,14575.0,2373.1333333333328,2374.5988947355872,NaN,NaN,2374.1,NaN
346,2023-02-27 11:57:00,NSE:RELIANCE,2374.05,2375.25,2373.85,2374.5,10591.0,2373.5214285714283,2374.5659298237247,NaN,NaN,NaN,NaN
347,2023-02-27 12:00:00,NSE:RELIANCE,2374.15,2374.15,2368.25,2369.1,46466.0,2373.67619047619,2372.7439532158164,NaN,NaN,NaN,NaN
348,2023-02-27 12:03:00,NSE:RELIANCE,2369.1,2370.4,2367.6,2370.1,16348.0,2373.6428571428564,2371.862635477211,NaN,NaN,NaN,NaN
349,2023-02-27 12:06:00,NSE:RELIANCE,2369.7,2370.4,2366.55,2369.85,47539.0,2373.519047619047,2371.1917569848074,NaN,NaN,NaN,NaN
350,2023-02-27 12:09:00,NSE:RELIANCE,2369.0,2369.7,2358.55,2365.95,145180.0,2373.1357142857137,2369.4445046565384,NaN,NaN,NaN,NaN
351,2023-02-27 12:12:00,NSE:RELIANCE,2364.95,2365.5,2359.45,2363.0,54515.0,2372.6238095238086,2367.2963364376924,NaN,NaN,NaN,NaN
352,2023-02-27 12:15:00,NSE:RELIANCE,2363.0,2364.5,2361.25,2361.25,18418.0,2372.0238095238087,2365.2808909584614,NaN,NaN,NaN,NaN
353,2023-02-27 12:18:00,NSE:RELIANCE,2361.25,2365.05,2360.05,2363.55,62346.0,2371.569047619047,2364.703927305641,NaN,NaN,NaN,NaN
354,2023-02-27 12:21:00,NSE:RELIANCE,2363.0,2366.85,2361.35,2366.15,36221.0,2371.242857142857,2365.1859515370943,2366.15,NaN,NaN,NaN
355,2023-02-27 12:24:00,NSE:RELIANCE,2366.0,2366.75,2365.05,2365.6,18952.0,2370.8666666666663,2365.3239676913963,NaN,NaN,NaN,2366.15
356,2023-02-27 12:27:00,NSE:RELIANCE,2365.6,2366.05,2363.7,2365.25,13627.0,2370.4833333333327,2365.299311794264,NaN,2365.25,NaN,NaN
357,2023-02-27 12:30:00,NSE:RELIANCE,2365.05,2365.95,2362.1,2364.15,15842.0,2370.109523809523,2364.916207862843,NaN,NaN,2365.25,NaN
358,2023-02-27 12:33:00,NSE:RELIANCE,2364.15,2365.35,2363.5,2364.05,15093.0,2369.7309523809517,2364.627471908562,NaN,NaN,NaN,NaN
359,2023-02-27 12:36:00,NSE:RELIANCE,2364.05,2365.85,2363.95,2364.0,20660.0,2369.333333333333,2364.418314605708,NaN,NaN,NaN,NaN
360,2023-02-27 12:39:00,NSE:RELIANCE,2364.0,2365.05,2363.3,2364.5,52339.0,2368.7690476190473,2364.445543070472,2364.5,NaN,NaN,NaN
361,2023-02-27 12:42:00,NSE:RELIANCE,2364.5,2367.0,2364.5,2365.65,55453.0,2368.121428571428,2364.847028713648,NaN,NaN,NaN,2364.5
362,2023-02-27 12:45:00,NSE:RELIANCE,2365.05,2366.95,2365.05,2365.4,13783.0,2367.5880952380953,2365.0313524757653,NaN,NaN,NaN,NaN
363,2023-02-27 12:48:00,NSE:RELIANCE,2365.55,2366.3,2364.25,2365.8,15138.0,2367.2166666666667,2365.287568317177,NaN,NaN,NaN,NaN
364,2023-02-27 12:51:00,NSE:RELIANCE,2365.8,2367.05,2363.55,2364.0,17218.0,2366.664285714286,2364.858378878118,NaN,2364.0,NaN,NaN
365,2023-02-27 12:54:00,NSE:RELIANCE,2364.3,2364.65,2363.2,2363.5,17315.0,2366.159523809524,2364.405585918745,NaN,NaN,2364.0,NaN
366,2023-02-27 12:57:00,NSE:RELIANCE,2363.65,2365.5,2363.35,2364.6,13137.0,2365.711904761905,2364.470390612497,2364.6,NaN,NaN,NaN
367,2023-02-27 13:00:00,NSE:RELIANCE,2364.65,2365.0,2363.8,2364.1,10588.0,2365.2166666666667,2364.346927074998,NaN,2364.1,NaN,2364.6
368,2023-02-27 13:03:00,NSE:RELIANCE,2363.95,2365.65,2363.95,2365.5,8823.0,2365.0452380952383,2364.7312847166654,2365.5,NaN,2364.1,NaN
369,2023-02-27 13:06:00,NSE:RELIANCE,2365.5,2365.5,2363.8,2364.85,11151.0,2364.7952380952383,2364.7708564777768,NaN,NaN,NaN,2365.5
370,2023-02-27 13:09:00,NSE:RELIANCE,2364.85,2364.85,2358.0,2358.0,43654.0,2364.2309523809527,2362.5139043185177,NaN,2358.0,NaN,NaN
371,2023-02-27 13:12:00,NSE:RELIANCE,2358.25,2359.0,2356.45,2359.0,26067.0,2363.9000000000005,2361.342602879012,NaN,NaN,2358.0,NaN
372,2023-02-27 13:15:00,NSE:RELIANCE,2358.4,2360.8,2357.2,2357.55,20683.0,2363.640476190477,2360.078401919341,NaN,NaN,NaN,NaN
373,2023-02-27 13:18:00,NSE:RELIANCE,2357.8,2360.0,2357.6,2357.95,22955.0,2363.4833333333336,2359.368934612894,NaN,NaN,NaN,NaN
374,2023-02-27 13:21:00,NSE:RELIANCE,2358.5,2360.8,2357.7,2360.4,21864.0,2363.3333333333335,2359.712623075263,2360.4,NaN,NaN,NaN
375,2023-02-27 13:24:00,NSE:RELIANCE,2360.4,2361.0,2358.9,2358.9,11851.0,2362.9880952380954,2359.441748716842,NaN,2358.9,NaN,2360.4
376,2023-02-27 13:27:00,NSE:RELIANCE,2358.95,2359.75,2358.25,2359.15,11656.0,2362.680952380953,2359.3444991445613,NaN,NaN,2358.9,NaN
377,2023-02-27 13:30:00,NSE:RELIANCE,2359.0,2361.05,2358.25,2360.9,22978.0,2362.47380952381,2359.8629994297075,2360.9,NaN,NaN,NaN
378,2023-02-27 13:33:00,NSE:RELIANCE,2360.15,2363.2,2358.0,2359.0,42171.0,2362.2285714285717,2359.5753329531385,NaN,2359.0,NaN,2360.9
379,2023-02-27 13:36:00,NSE:RELIANCE,2359.05,2361.7,2358.4,2360.55,11282.0,2362.061904761905,2359.900221968759,2360.55,NaN,2359.0,NaN
380,2023-02-27 13:39:00,NSE:RELIANCE,2361.35,2365.0,2360.1,2361.8,95154.0,2361.9571428571435,2360.533481312506,NaN,NaN,NaN,2360.55
381,2023-02-27 13:42:00,NSE:RELIANCE,2361.0,2362.0,2360.0,2360.85,17086.0,2361.7833333333338,2360.6389875416708,NaN,NaN,NaN,NaN
382,2023-02-27 13:45:00,NSE:RELIANCE,2360.4,2361.75,2359.25,2359.3,25807.0,2361.480952380953,2360.192658361114,NaN,2359.3,NaN,NaN
383,2023-02-27 13:48:00,NSE:RELIANCE,2359.25,2360.1,2358.2,2359.1,14642.0,2361.180952380953,2359.8284389074092,NaN,NaN,2359.3,NaN
384,2023-02-27 13:51:00,NSE:RELIANCE,2359.85,2363.5,2359.05,2360.95,204336.0,2360.9500000000003,2360.2022926049394,2360.95,NaN,NaN,NaN
385,2023-02-27 13:54:00,NSE:RELIANCE,2361.0,2362.05,2359.15,2360.0,23888.0,2360.759523809524,2360.134861736626,NaN,2360.0,NaN,2360.95
386,2023-02-27 13:57:00,NSE:RELIANCE,2359.5,2361.5,2358.1,2361.05,34261.0,2360.6428571428573,2360.4399078244173,2361.05,NaN,2360.0,NaN
387,2023-02-27 14:00:00,NSE:RELIANCE,2360.95,2361.85,2359.7,2360.15,16214.0,2360.430952380953,2360.343271882945,NaN,2360.15,NaN,2361.05
388,2023-02-27 14:03:00,NSE:RELIANCE,2360.05,2362.45,2358.45,2362.0,138720.0,2360.330952380953,2360.89551458863,2362.0,NaN,2360.15,NaN
389,2023-02-27 14:06:00,NSE:RELIANCE,2361.95,2363.25,2360.2,2362.85,27064.0,2360.2047619047626,2361.547009725753,NaN,NaN,NaN,2362.0
390,2023-02-27 14:09:00,NSE:RELIANCE,2362.35,2362.6,2360.75,2362.0,19097.0,2360.069047619048,2361.6980064838353,NaN,NaN,NaN,NaN
391,2023-02-27 14:12:00,NSE:RELIANCE,2361.65,2362.9,2360.0,2362.75,44188.0,2360.295238095239,2362.0486709892234,NaN,NaN,NaN,NaN
392,2023-02-27 14:15:00,NSE:RELIANCE,2361.75,2363.4,2361.3,2361.75,23313.0,2360.426190476191,2361.9491139928155,NaN,2361.75,NaN,NaN
393,2023-02-27 14:18:00,NSE:RELIANCE,2361.5,2361.7,2358.1,2359.55,28731.0,2360.521428571429,2361.1494093285437,NaN,NaN,2361.75,NaN
394,2023-02-27 14:21:00,NSE:RELIANCE,2359.55,2361.95,2359.55,2360.9,21918.0,2360.6619047619056,2361.066272885696,NaN,NaN,NaN,NaN
395,2023-02-27 14:24:00,NSE:RELIANCE,2360.75,2362.0,2360.5,2361.8,21702.0,2360.728571428572,2361.310848590464,2361.8,NaN,NaN,NaN
396,2023-02-27 14:27:00,NSE:RELIANCE,2361.25,2362.25,2361.05,2361.2,17205.0,2360.838095238096,2361.2738990603093,NaN,2361.2,NaN,2361.8
397,2023-02-27 14:30:00,NSE:RELIANCE,2361.05,2361.85,2351.7,2356.05,174960.0,2360.690476190477,2359.5325993735396,NaN,NaN,2361.2,NaN
398,2023-02-27 14:33:00,NSE:RELIANCE,2356.05,2358.3,2354.55,2358.25,40030.0,2360.564285714286,2359.1050662490265,NaN,NaN,NaN,NaN
399,2023-02-27 14:36:00,NSE:RELIANCE,2358.3,2358.85,2356.65,2358.8,31467.0,2360.5547619047625,2359.0033774993512,NaN,NaN,NaN,NaN
400,2023-02-27 14:39:00,NSE:RELIANCE,2358.7,2359.45,2355.3,2357.1,19813.0,2360.390476190477,2358.3689183329006,NaN,NaN,NaN,NaN
401,2023-02-27 14:42:00,NSE:RELIANCE,2357.1,2359.65,2356.35,2359.05,22628.0,2360.2595238095246,2358.595945555267,2359.05,NaN,NaN,NaN
402,2023-02-27 14:45:00,NSE:RELIANCE,2358.65,2359.4,2356.8,2357.0,18228.0,2360.076190476191,2358.0639637035115,NaN,2357.0,NaN,2359.05
403,2023-02-27 14:48:00,NSE:RELIANCE,2356.8,2358.0,2355.0,2356.05,43019.0,2359.9214285714293,2357.3926424690076,NaN,NaN,2357.0,NaN
404,2023-02-27 14:51:00,NSE:RELIANCE,2356.05,2357.4,2355.1,2356.0,25611.0,2359.77380952381,2356.9284283126717,NaN,NaN,NaN,NaN
405,2023-02-27 14:54:00,NSE:RELIANCE,2355.9,2358.95,2355.2,2358.5,39522.0,2359.6571428571438,2357.4522855417813,2358.5,NaN,NaN,NaN
406,2023-02-27 14:57:00,NSE:RELIANCE,2358.0,2362.5,2357.45,2361.9,61819.0,2359.74761904762,2358.9348570278544,NaN,NaN,NaN,2358.5
407,2023-02-27 15:00:00,NSE:RELIANCE,2361.85,2365.0,2359.7,2360.0,78859.0,2359.69761904762,2359.2899046852363,NaN,NaN,NaN,NaN
408,2023-02-27 15:03:00,NSE:RELIANCE,2360.55,2364.85,2360.25,2364.5,53342.0,2359.9047619047624,2361.026603123491,NaN,NaN,NaN,NaN
409,2023-02-27 15:06:00,NSE:RELIANCE,2364.45,2366.35,2363.55,2365.7,62904.0,2360.080952380953,2362.5844020823274,NaN,NaN,NaN,NaN
410,2023-02-27 15:09:00,NSE:RELIANCE,2365.7,2368.8,2365.7,2368.6,64595.0,2360.3547619047627,2364.5896013882184,NaN,NaN,NaN,NaN
411,2023-02-27 15:12:00,NSE:RELIANCE,2368.6,2369.95,2367.4,2368.1,62954.0,2360.6452380952387,2365.7597342588124,NaN,NaN,NaN,NaN
412,2023-02-27 15:15:00,NSE:RELIANCE,2367.9,2370.25,2367.0,2369.6,81051.0,2360.971428571429,2367.0398228392082,NaN,NaN,NaN,NaN
413,2023-02-27 15:18:00,NSE:RELIANCE,2369.55,2371.5,2367.8,2370.9,80471.0,2361.4071428571433,2368.326548559472,NaN,NaN,NaN,NaN
414,2023-02-27 15:21:00,NSE:RELIANCE,2370.9,2372.6,2370.6,2372.1,70594.0,2362.0047619047623,2369.5843657063147,NaN,NaN,NaN,NaN
415,2023-02-27 15:24:00,NSE:RELIANCE,2371.95,2373.3,2368.0,2368.95,75662.0,2362.3880952380955,2369.3729104708764,NaN,2368.95,NaN,NaN
416,2023-02-27 15:27:00,NSE:RELIANCE,2368.95,2370.8,2365.05,2366.0,47323.0,2362.5880952380953,2368.248606980584,NaN,NaN,2368.95,NaN
417,2023-02-28 09:15:00,NSE:RELIANCE,2359.9,2364.35,2355.0,2359.45,224632.0,2362.504761904762,2365.315737987056,NaN,NaN,NaN,NaN
418,2023-02-28 09:18:00,NSE:RELIANCE,2359.5,2367.0,2359.5,2365.65,71551.0,2362.9619047619044,2365.427158658037,2365.65,NaN,NaN,NaN
419,2023-02-28 09:21:00,NSE:RELIANCE,2364.85,2365.0,2351.8,2352.45,126788.0,2362.685714285714,2361.101439105358,NaN,2352.45,NaN,2365.65
420,2023-02-28 09:24:00,NSE:RELIANCE,2352.3,2356.2,2351.7,2353.0,66302.0,2362.4095238095233,2358.400959403572,NaN,NaN,2352.45,NaN
421,2023-02-28 09:27:00,NSE:RELIANCE,2352.4,2352.9,2348.65,2351.4,89735.0,2362.138095238095,2356.067306269048,NaN,NaN,NaN,NaN
422,2023-02-28 09:30:00,NSE:RELIANCE,2351.45,2357.1,2348.6,2356.4,81776.0,2362.0119047619046,2356.1782041793654,2356.4,NaN,NaN,NaN
423,2023-02-28 09:33:00,NSE:RELIANCE,2356.0,2358.45,2355.4,2355.45,55593.0,2361.938095238095,2355.93546945291,NaN,2355.45,NaN,2356.4
424,2023-02-28 09:36:00,NSE:RELIANCE,2355.45,2357.8,2355.05,2356.8,40293.0,2361.973809523809,2356.2236463019403,2356.8,NaN,2355.45,NaN
425,2023-02-28 09:39:00,NSE:RELIANCE,2356.8,2361.7,2356.8,2361.35,68082.0,2362.228571428571,2357.93243086796,NaN,NaN,NaN,2356.8
426,2023-02-28 09:42:00,NSE:RELIANCE,2361.25,2364.6,2359.8,2362.2,90556.0,2362.404761904761,2359.3549539119736,NaN,NaN,NaN,NaN
427,2023-02-28 09:45:00,NSE:RELIANCE,2362.15,2364.05,2359.95,2362.25,71765.0,2362.421428571428,2360.319969274649,NaN,NaN,NaN,NaN
428,2023-02-28 09:48:00,NSE:RELIANCE,2363.15,2364.0,2361.65,2363.9,64832.0,2362.607142857142,2361.513312849766,NaN,NaN,NaN,NaN
429,2023-02-28 09:51:00,NSE:RELIANCE,2363.35,2364.25,2361.0,2361.2,59904.0,2362.4499999999994,2361.4088752331772,NaN,2361.2,NaN,NaN
430,2023-02-28 09:54:00,NSE:RELIANCE,2361.2,2361.2,2355.0,2355.0,57187.0,2361.9404761904757,2359.2725834887847,NaN,NaN,2361.2,NaN
431,2023-02-28 09:57:00,NSE:RELIANCE,2355.25,2356.55,2354.85,2355.0,56128.0,2361.2928571428565,2357.8483889925233,NaN,NaN,NaN,NaN
432,2023-02-28 10:00:00,NSE:RELIANCE,2355.0,2356.85,2352.5,2353.75,65208.0,2360.609523809523,2356.482259328349,NaN,NaN,NaN,NaN
433,2023-02-28 10:03:00,NSE:RELIANCE,2353.75,2356.25,2353.25,2356.2,55580.0,2359.971428571428,2356.388172885566,NaN,NaN,NaN,NaN
434,2023-02-28 10:06:00,NSE:RELIANCE,2356.2,2356.25,2352.2,2352.7,45504.0,2359.1047619047613,2355.1587819237106,NaN,NaN,NaN,NaN
435,2023-02-28 10:09:00,NSE:RELIANCE,2352.7,2353.35,2349.95,2352.5,83468.0,2358.171428571428,2354.272521282474,NaN,NaN,NaN,NaN
436,2023-02-28 10:12:00,NSE:RELIANCE,2352.4,2352.8,2347.25,2348.45,76703.0,2357.1952380952375,2352.3316808549826,NaN,NaN,NaN,NaN
437,2023-02-28 10:15:00,NSE:RELIANCE,2348.6,2351.55,2347.95,2351.0,64955.0,2356.4809523809517,2351.887787236655,NaN,NaN,NaN,NaN
438,2023-02-28 10:18:00,NSE:RELIANCE,2351.55,2351.55,2348.2,2348.9,50178.0,2355.978571428571,2350.89185815777,NaN,NaN,NaN,NaN
439,2023-02-28 10:21:00,NSE:RELIANCE,2348.9,2348.9,2347.0,2347.45,61779.0,2355.111904761904,2349.74457210518,NaN,NaN,NaN,NaN
440,2023-02-28 10:24:00,NSE:RELIANCE,2347.35,2351.9,2347.0,2351.5,62276.0,2355.066666666666,2350.3297147367866,2351.5,NaN,NaN,NaN
441,2023-02-28 10:27:00,NSE:RELIANCE,2351.3,2351.45,2349.75,2351.25,49033.0,2354.9833333333327,2350.636476491191,NaN,NaN,NaN,2351.5
442,2023-02-28 10:30:00,NSE:RELIANCE,2351.15,2354.3,2351.0,2352.4,61886.0,2355.030952380952,2351.224317660794,NaN,NaN,NaN,NaN
443,2023-02-28 10:33:00,NSE:RELIANCE,2352.45,2352.45,2348.65,2348.85,52128.0,2354.671428571428,2350.4328784405293,NaN,2348.85,NaN,NaN
444,2023-02-28 10:36:00,NSE:RELIANCE,2348.8,2348.85,2343.45,2345.6,74935.0,2354.2023809523803,2348.821918960353,NaN,NaN,2348.85,NaN
445,2023-02-28 10:39:00,NSE:RELIANCE,2345.1,2346.65,2344.7,2345.2,63379.0,2353.649999999999,2347.614612640235,NaN,NaN,NaN,NaN
446,2023-02-28 10:42:00,NSE:RELIANCE,2345.2,2345.3,2341.05,2341.35,52836.0,2352.697619047618,2345.5264084268233,NaN,NaN,NaN,NaN
447,2023-02-28 10:45:00,NSE:RELIANCE,2341.05,2341.25,2339.1,2340.55,81249.0,2351.666666666666,2343.8676056178824,NaN,NaN,NaN,NaN
448,2023-02-28 10:48:00,NSE:RELIANCE,2340.55,2343.65,2340.4,2341.0,38992.0,2350.654761904761,2342.9117370785884,NaN,NaN,NaN,NaN
449,2023-02-28 10:51:00,NSE:RELIANCE,2340.85,2341.65,2340.3,2341.5,26412.0,2349.5880952380944,2342.4411580523924,NaN,NaN,NaN,NaN
450,2023-02-28 10:54:00,NSE:RELIANCE,2341.5,2341.55,2337.05,2337.35,46123.0,2348.4523809523803,2340.7441053682614,NaN,NaN,NaN,NaN
451,2023-02-28 10:57:00,NSE:RELIANCE,2337.35,2340.95,2337.35,2340.65,32397.0,2347.769047619047,2340.7127369121745,NaN,NaN,NaN,NaN
452,2023-02-28 11:00:00,NSE:RELIANCE,2340.65,2343.5,2340.65,2342.0,38238.0,2347.149999999999,2341.141824608116,2342.0,NaN,NaN,NaN
453,2023-02-28 11:03:00,NSE:RELIANCE,2342.0,2344.8,2342.0,2343.1,29849.0,2346.6428571428564,2341.794549738744,NaN,NaN,NaN,2342.0
454,2023-02-28 11:06:00,NSE:RELIANCE,2343.0,2343.4,2342.35,2343.35,39418.0,2346.030952380952,2342.313033159163,NaN,NaN,NaN,NaN
455,2023-02-28 11:09:00,NSE:RELIANCE,2343.0,2345.0,2342.35,2344.65,55129.0,2345.6476190476187,2343.0920221061087,NaN,NaN,NaN,NaN
456,2023-02-28 11:12:00,NSE:RELIANCE,2344.65,2344.65,2342.0,2342.1,38300.0,2345.1523809523806,2342.761348070739,NaN,2342.1,NaN,NaN
457,2023-02-28 11:15:00,NSE:RELIANCE,2342.0,2342.0,2339.0,2339.25,67737.0,2344.7142857142853,2341.590898713826,NaN,NaN,2342.1,NaN
458,2023-02-28 11:18:00,NSE:RELIANCE,2339.15,2339.7,2337.0,2337.35,52468.0,2344.0642857142852,2340.1772658092173,NaN,NaN,NaN,NaN
459,2023-02-28 11:21:00,NSE:RELIANCE,2337.35,2337.35,2335.1,2335.85,44774.0,2343.4428571428566,2338.7348438728113,NaN,NaN,NaN,NaN
460,2023-02-28 11:24:00,NSE:RELIANCE,2335.85,2337.9,2335.85,2337.0,26451.0,2342.9452380952375,2338.1565625818744,NaN,NaN,NaN,NaN
461,2023-02-28 11:27:00,NSE:RELIANCE,2337.0,2337.0,2336.2,2336.25,21678.0,2342.219047619047,2337.5210417212497,NaN,NaN,NaN,NaN
462,2023-02-28 11:30:00,NSE:RELIANCE,2336.25,2339.35,2335.4,2337.95,39872.0,2341.585714285714,2337.6640278141663,2337.95,NaN,NaN,NaN
463,2023-02-28 11:33:00,NSE:RELIANCE,2337.95,2337.95,2337.05,2337.5,22950.0,2340.87619047619,2337.609351876111,NaN,2337.5,NaN,2337.95
464,2023-02-28 11:36:00,NSE:RELIANCE,2337.5,2337.5,2334.0,2334.55,47390.0,2340.1952380952375,2336.5895679174073,NaN,NaN,2337.5,NaN
465,2023-02-28 11:39:00,NSE:RELIANCE,2334.65,2334.85,2332.1,2332.6,42001.0,2339.5761904761903,2335.2597119449383,NaN,NaN,NaN,NaN
466,2023-02-28 11:42:00,NSE:RELIANCE,2332.15,2335.75,2332.05,2335.1,51531.0,2339.0952380952376,2335.206474629959,NaN,NaN,NaN,NaN
467,2023-02-28 11:45:00,NSE:RELIANCE,2335.0,2335.7,2334.6,2335.25,23355.0,2338.8047619047616,2335.220983086639,2335.25,NaN,NaN,NaN
468,2023-02-28 11:48:00,NSE:RELIANCE,2335.2,2335.35,2334.5,2335.0,36822.0,2338.5404761904756,2335.1473220577595,NaN,2335.0,NaN,2335.25
469,2023-02-28 11:51:00,NSE:RELIANCE,2335.0,2339.0,2334.85,2338.95,35910.0,2338.4428571428566,2336.41488137184,2338.95,NaN,2335.0,NaN
470,2023-02-28 11:54:00,NSE:RELIANCE,2338.95,2340.4,2338.5,2340.2,36164.0,2338.380952380952,2337.6765875812266,NaN,NaN,NaN,2338.95
471,2023-02-28 11:57:00,NSE:RELIANCE,2340.3,2341.5,2339.1,2340.3,22612.0,2338.5214285714283,2338.5510583874843,NaN,NaN,NaN,NaN
472,2023-02-28 12:00:00,NSE:RELIANCE,2340.4,2340.4,2338.6,2339.1,26217.0,2338.4476190476184,2338.7340389249894,NaN,NaN,NaN,NaN
473,2023-02-28 12:03:00,NSE:RELIANCE,2339.05,2342.0,2339.05,2341.1,22750.0,2338.404761904761,2339.5226926166597,NaN,NaN,NaN,NaN
474,2023-02-28 12:06:00,NSE:RELIANCE,2341.2,2343.5,2341.0,2343.5,46159.0,2338.423809523809,2340.8484617444396,NaN,NaN,NaN,NaN
475,2023-02-28 12:09:00,NSE:RELIANCE,2343.05,2345.55,2342.55,2344.9,47000.0,2338.4976190476186,2342.198974496293,NaN,NaN,NaN,NaN
476,2023-02-28 12:12:00,NSE:RELIANCE,2344.65,2345.2,2343.8,2344.0,23447.0,2338.4666666666662,2342.799316330862,NaN,NaN,NaN,NaN
477,2023-02-28 12:15:00,NSE:RELIANCE,2344.0,2345.5,2343.1,2344.0,34757.0,2338.5571428571425,2343.199544220575,NaN,NaN,NaN,NaN
478,2023-02-28 12:18:00,NSE:RELIANCE,2344.15,2344.65,2342.55,2344.4,44565.0,2338.8023809523806,2343.59969614705,NaN,NaN,NaN,NaN
479,2023-02-28 12:21:00,NSE:RELIANCE,2344.5,2344.5,2342.05,2342.85,32532.0,2339.0642857142852,2343.349797431367,NaN,2342.85,NaN,NaN
480,2023-02-28 12:24:00,NSE:RELIANCE,2342.9,2343.05,2340.2,2340.65,28617.0,2339.292857142857,2342.4498649542447,NaN,NaN,2342.85,NaN
481,2023-02-28 12:27:00,NSE:RELIANCE,2340.75,2347.0,2340.25,2345.0,107972.0,2339.6738095238093,2343.2999099694966,2345.0,NaN,NaN,NaN
482,2023-02-28 12:30:00,NSE:RELIANCE,2344.95,2346.55,2343.4,2344.5,63702.0,2340.0666666666666,2343.6999399796646,NaN,NaN,NaN,2345.0
483,2023-02-28 12:33:00,NSE:RELIANCE,2344.5,2345.2,2342.9,2344.05,51797.0,2340.3571428571427,2343.81662665311,NaN,NaN,NaN,NaN
484,2023-02-28 12:36:00,NSE:RELIANCE,2344.0,2344.15,2341.2,2342.2,45570.0,2340.580952380952,2343.277751102073,NaN,2342.2,NaN,NaN
485,2023-02-28 12:39:00,NSE:RELIANCE,2342.15,2344.85,2340.1,2341.1,65990.0,2340.892857142857,2342.5518340680487,NaN,NaN,2342.2,NaN
486,2023-02-28 12:42:00,NSE:RELIANCE,2341.05,2341.1,2338.55,2340.25,34726.0,2341.2571428571428,2341.7845560453657,NaN,NaN,NaN,NaN
487,2023-02-28 12:45:00,NSE:RELIANCE,2340.25,2340.35,2340.0,2340.0,32591.0,2341.490476190476,2341.189704030244,NaN,NaN,NaN,NaN
488,2023-02-28 12:48:00,NSE:RELIANCE,2340.0,2340.9,2338.8,2339.6,22643.0,2341.697619047619,2340.659802686829,NaN,NaN,NaN,NaN
489,2023-02-28 12:51:00,NSE:RELIANCE,2339.2,2339.4,2335.2,2335.2,35114.0,2341.7071428571426,2338.839868457886,NaN,NaN,NaN,NaN
490,2023-02-28 12:54:00,NSE:RELIANCE,2335.2,2337.45,2335.0,2336.0,33194.0,2341.5666666666666,2337.8932456385905,NaN,NaN,NaN,NaN
491,2023-02-28 12:57:00,NSE:RELIANCE,2336.0,2338.65,2335.6,2336.85,241226.0,2341.407142857143,2337.545497092394,NaN,NaN,NaN,NaN
492,2023-02-28 13:00:00,NSE:RELIANCE,2337.1,2337.7,2335.25,2336.1,33082.0,2341.2071428571426,2337.0636647282627,NaN,NaN,NaN,NaN
493,2023-02-28 13:03:00,NSE:RELIANCE,2336.5,2336.8,2335.1,2335.2,26030.0,2341.0214285714283,2336.442443152175,NaN,NaN,NaN,NaN
494,2023-02-28 13:06:00,NSE:RELIANCE,2335.2,2339.8,2335.1,2339.7,46218.0,2340.954761904761,2337.5282954347836,2339.7,NaN,NaN,NaN
495,2023-02-28 13:09:00,NSE:RELIANCE,2339.8,2341.0,2338.6,2339.0,59706.0,2340.7404761904754,2338.018863623189,NaN,NaN,NaN,2339.7
496,2023-02-28 13:12:00,NSE:RELIANCE,2338.95,2339.25,2337.75,2338.3,31539.0,2340.42619047619,2338.112575748793,NaN,NaN,NaN,NaN
497,2023-02-28 13:15:00,NSE:RELIANCE,2338.3,2339.25,2337.9,2338.35,29641.0,2340.1571428571424,2338.191717165862,NaN,NaN,NaN,NaN
498,2023-02-28 13:18:00,NSE:RELIANCE,2338.35,2338.9,2337.6,2337.95,27062.0,2339.869047619047,2338.1111447772414,NaN,2337.95,NaN,NaN
499,2023-02-28 13:21:00,NSE:RELIANCE,2338.0,2338.95,2337.6,2337.65,8886.0,2339.5476190476184,2337.9574298514945,NaN,NaN,2337.95,NaN
